label,valence_min,valence_max,energy_min,energy_2nd,energy_3rd,energy_max
metro,0.259,0.489,0.00591,0.33727333333333337,0.6686366666666667,1.0
bus,0.733,0.975,0.145,0.42866666666666664,0.7123333333333333,0.996
park,0.0196,0.257,0.00341,0.33527333333333337,0.6671366666666667,0.999
street_traffic,0.49,0.731,0.0238,0.3475333333333333,0.6712666666666667,0.995
